Data;Município1;DATA_DIA;DIA;STR_DATA;UF1;Escala de cor;Número de registros;Índice De Isolamento
terça-feira, 08/06;ESTADO DE SÃO PAULO;Tuesday;Terça-feira;Ranking dos municípios (8/6/2021);SP;Até 40%;1;40%
quarta-feira, 09/06;ESTADO DE SÃO PAULO;Wednesday;Quarta-feira;Ranking dos municípios (9/6/2021);SP;Até 40%;1;40%
quinta-feira, 10/06;ESTADO DE SÃO PAULO;Thursday;Quinta-feira;Ranking dos municípios (10/6/2021);SP;Até 40%;1;40%
quarta-feira, 16/06;ESTADO DE SÃO PAULO;Wednesday;Quarta-feira;Ranking dos municípios (16/6/2021);SP;Até 40%;1;40%
sexta-feira, 11/06;ESTADO DE SÃO PAULO;Friday;Sexta-feira;Ranking dos municípios (11/6/2021);SP;Até 40%;1;39%
terça-feira, 15/06;ESTADO DE SÃO PAULO;Tuesday;Terça-feira;Ranking dos municípios (15/6/2021);SP;Até 40%;1;40%
sábado, 12/06;ESTADO DE SÃO PAULO;Saturday;Sábado;Ranking dos municípios (12/6/2021);SP;>40-50%;1;42%
quinta-feira, 12/03;ESTADO DE SÃO PAULO;Thursday;Quinta-feira;Ranking dos municípios (12/3/2020);SP;Até 40%;1;28%
sexta-feira, 13/03;ESTADO DE SÃO PAULO;Friday;Sexta-feira;Ranking dos municípios (13/3/2020);SP;Até 40%;1;30%
terça-feira, 17/03;ESTADO DE SÃO PAULO;Tuesday;Terça-feira;Ranking dos municípios (17/3/2020);SP;Até 40%;1;38%
quarta-feira, 18/03;ESTADO DE SÃO PAULO;Wednesday;Quarta-feira;Ranking dos municípios (18/3/2020);SP;Até 40%;1;40%
quinta-feira, 19/03;ESTADO DE SÃO PAULO;Thursday;Quinta-feira;Ranking dos municípios (19/3/2020);SP;>40-50%;1;42%
sexta-feira, 20/03;ESTADO DE SÃO PAULO;Friday;Sexta-feira;Ranking dos municípios (20/3/2020);SP;>40-50%;1;44%
sábado, 21/03;ESTADO DE SÃO PAULO;Saturday;Sábado;Ranking dos municípios (21/3/2020);SP;>50-60%;1;56%
domingo, 22/03;ESTADO DE SÃO PAULO;Sunday;Domingo;Ranking dos municípios (22/3/2020);SP;>50-60%;1;56%
segunda-feira, 23/03;ESTADO DE SÃO PAULO;Monday;Segunda-feira;Ranking dos municípios (23/3/2020);SP;>50-60%;1;52%
terça-feira, 24/03;ESTADO DE SÃO PAULO;Tuesday;Terça-feira;Ranking dos municípios (24/3/2020);SP;>50-60%;1;54%
quarta-feira, 25/03;ESTADO DE SÃO PAULO;Wednesday;Quarta-feira;Ranking dos municípios (25/3/2020);SP;>50-60%;1;54%
quinta-feira, 26/03;ESTADO DE SÃO PAULO;Thursday;Quinta-feira;Ranking dos municípios (26/3/2020);SP;>50-60%;1;54%
sexta-feira, 27/03;ESTADO DE SÃO PAULO;Friday;Sexta-feira;Ranking dos municípios (27/3/2020);SP;>50-60%;1;53%
sábado, 28/03;ESTADO DE SÃO PAULO;Saturday;Sábado;Ranking dos municípios (28/3/2020);SP;>50-60%;1;56%
domingo, 29/03;ESTADO DE SÃO PAULO;Sunday;Domingo;Ranking dos municípios (29/3/2020);SP;>50-60%;1;59%
segunda-feira, 30/03;ESTADO DE SÃO PAULO;Monday;Segunda-feira;Ranking dos municípios (30/3/2020);SP;>50-60%;1;55%
terça-feira, 31/03;ESTADO DE SÃO PAULO;Tuesday;Terça-feira;Ranking dos municípios (31/3/2020);SP;>50-60%;1;55%
quarta-feira, 01/04;ESTADO DE SÃO PAULO;Wednesday;Quarta-feira;Ranking dos municípios (1/4/2020);SP;>50-60%;1;55%
quinta-feira, 02/04;ESTADO DE SÃO PAULO;Thursday;Quinta-feira;Ranking dos municípios (2/4/2020);SP;>50-60%;1;55%
sexta-feira, 03/04;ESTADO DE SÃO PAULO;Friday;Sexta-feira;Ranking dos municípios (3/4/2020);SP;>50-60%;1;54%
sábado, 04/04;ESTADO DE SÃO PAULO;Saturday;Sábado;Ranking dos municípios (4/4/2020);SP;>50-60%;1;57%
domingo, 05/04;ESTADO DE SÃO PAULO;Sunday;Domingo;Ranking dos municípios (5/4/2020);SP;>50-60%;1;59%
segunda-feira, 06/04;ESTADO DE SÃO PAULO;Monday;Segunda-feira;Ranking dos municípios (6/4/2020);SP;>50-60%;1;52%
terça-feira, 07/04;ESTADO DE SÃO PAULO;Tuesday;Terça-feira;Ranking dos municípios (7/4/2020);SP;>50-60%;1;51%
quarta-feira, 08/04;ESTADO DE SÃO PAULO;Wednesday;Quarta-feira;Ranking dos municípios (8/4/2020);SP;>40-50%;1;50%
quinta-feira, 09/04;ESTADO DE SÃO PAULO;Thursday;Quinta-feira;Ranking dos municípios (9/4/2020);SP;>40-50%;1;47%
sexta-feira, 10/04;ESTADO DE SÃO PAULO;Friday;Sexta-feira;Ranking dos municípios (10/4/2020);SP;>50-60%;1;57%
sábado, 11/04;ESTADO DE SÃO PAULO;Saturday;Sábado;Ranking dos municípios (11/4/2020);SP;>50-60%;1;55%
domingo, 12/04;ESTADO DE SÃO PAULO;Sunday;Domingo;Ranking dos municípios (12/4/2020);SP;>50-60%;1;59%
segunda-feira, 13/04;ESTADO DE SÃO PAULO;Monday;Segunda-feira;Ranking dos municípios (13/4/2020);SP;>40-50%;1;50%
terça-feira, 14/04;ESTADO DE SÃO PAULO;Tuesday;Terça-feira;Ranking dos municípios (14/4/2020);SP;>40-50%;1;50%
quarta-feira, 15/04;ESTADO DE SÃO PAULO;Wednesday;Quarta-feira;Ranking dos municípios (15/4/2020);SP;>40-50%;1;50%
quinta-feira, 16/04;ESTADO DE SÃO PAULO;Thursday;Quinta-feira;Ranking dos municípios (16/4/2020);SP;>40-50%;1;49%
sexta-feira, 17/04;ESTADO DE SÃO PAULO;Friday;Sexta-feira;Ranking dos municípios (17/4/2020);SP;>40-50%;1;49%
sábado, 18/04;ESTADO DE SÃO PAULO;Saturday;Sábado;Ranking dos municípios (18/4/2020);SP;>50-60%;1;54%
domingo, 19/04;ESTADO DE SÃO PAULO;Sunday;Domingo;Ranking dos municípios (19/4/2020);SP;>50-60%;1;59%
segunda-feira, 20/04;ESTADO DE SÃO PAULO;Monday;Segunda-feira;Ranking dos municípios (20/4/2020);SP;>50-60%;1;51%
terça-feira, 21/04;ESTADO DE SÃO PAULO;Tuesday;Terça-feira;Ranking dos municípios (21/4/2020);SP;>50-60%;1;57%
quarta-feira, 22/04;ESTADO DE SÃO PAULO;Wednesday;Quarta-feira;Ranking dos municípios (22/4/2020);SP;>40-50%;1;48%
quinta-feira, 23/04;ESTADO DE SÃO PAULO;Thursday;Quinta-feira;Ranking dos municípios (23/4/2020);SP;>40-50%;1;48%
sexta-feira, 24/04;ESTADO DE SÃO PAULO;Friday;Sexta-feira;Ranking dos municípios (24/4/2020);SP;>40-50%;1;48%
sábado, 25/04;ESTADO DE SÃO PAULO;Saturday;Sábado;Ranking dos municípios (25/4/2020);SP;>50-60%;1;52%
domingo, 26/04;ESTADO DE SÃO PAULO;Sunday;Domingo;Ranking dos municípios (26/4/2020);SP;>50-60%;1;58%
segunda-feira, 27/04;ESTADO DE SÃO PAULO;Monday;Segunda-feira;Ranking dos municípios (27/4/2020);SP;>40-50%;1;48%
terça-feira, 28/04;ESTADO DE SÃO PAULO;Tuesday;Terça-feira;Ranking dos municípios (28/4/2020);SP;>40-50%;1;48%
quarta-feira, 29/04;ESTADO DE SÃO PAULO;Wednesday;Quarta-feira;Ranking dos municípios (29/4/2020);SP;>40-50%;1;47%
quinta-feira, 30/04;ESTADO DE SÃO PAULO;Thursday;Quinta-feira;Ranking dos municípios (30/4/2020);SP;>40-50%;1;46%
sexta-feira, 01/05;ESTADO DE SÃO PAULO;Friday;Sexta-feira;Ranking dos municípios (1/5/2020);SP;>50-60%;1;56%
sábado, 02/05;ESTADO DE SÃO PAULO;Saturday;Sábado;Ranking dos municípios (2/5/2020);SP;>50-60%;1;53%
domingo, 03/05;ESTADO DE SÃO PAULO;Sunday;Domingo;Ranking dos municípios (3/5/2020);SP;>50-60%;1;59%
segunda-feira, 04/05;ESTADO DE SÃO PAULO;Monday;Segunda-feira;Ranking dos municípios (4/5/2020);SP;>40-50%;1;47%
terça-feira, 05/05;ESTADO DE SÃO PAULO;Tuesday;Terça-feira;Ranking dos municípios (5/5/2020);SP;>40-50%;1;47%
quarta-feira, 06/05;ESTADO DE SÃO PAULO;Wednesday;Quarta-feira;Ranking dos municípios (6/5/2020);SP;>40-50%;1;47%
quinta-feira, 07/05;ESTADO DE SÃO PAULO;Thursday;Quinta-feira;Ranking dos municípios (7/5/2020);SP;>40-50%;1;47%
sexta-feira, 08/05;ESTADO DE SÃO PAULO;Friday;Sexta-feira;Ranking dos municípios (8/5/2020);SP;>40-50%;1;46%
sábado, 09/05;ESTADO DE SÃO PAULO;Saturday;Sábado;Ranking dos municípios (9/5/2020);SP;>40-50%;1;50%
domingo, 10/05;ESTADO DE SÃO PAULO;Sunday;Domingo;Ranking dos municípios (10/5/2020);SP;>50-60%;1;53%
segunda-feira, 11/05;ESTADO DE SÃO PAULO;Monday;Segunda-feira;Ranking dos municípios (11/5/2020);SP;>40-50%;1;48%
terça-feira, 12/05;ESTADO DE SÃO PAULO;Tuesday;Terça-feira;Ranking dos municípios (12/5/2020);SP;>40-50%;1;47%
quarta-feira, 13/05;ESTADO DE SÃO PAULO;Wednesday;Quarta-feira;Ranking dos municípios (13/5/2020);SP;>40-50%;1;47%
quinta-feira, 14/05;ESTADO DE SÃO PAULO;Thursday;Quinta-feira;Ranking dos municípios (14/5/2020);SP;>40-50%;1;48%
sexta-feira, 15/05;ESTADO DE SÃO PAULO;Friday;Sexta-feira;Ranking dos municípios (15/5/2020);SP;>40-50%;1;47%
sábado, 16/05;ESTADO DE SÃO PAULO;Saturday;Sábado;Ranking dos municípios (16/5/2020);SP;>50-60%;1;50%
domingo, 17/05;ESTADO DE SÃO PAULO;Sunday;Domingo;Ranking dos municípios (17/5/2020);SP;>50-60%;1;54%
segunda-feira, 18/05;ESTADO DE SÃO PAULO;Monday;Segunda-feira;Ranking dos municípios (18/5/2020);SP;>40-50%;1;49%
terça-feira, 19/05;ESTADO DE SÃO PAULO;Tuesday;Terça-feira;Ranking dos municípios (19/5/2020);SP;>40-50%;1;48%
quarta-feira, 20/05;ESTADO DE SÃO PAULO;Wednesday;Quarta-feira;Ranking dos municípios (20/5/2020);SP;>40-50%;1;49%
quinta-feira, 21/05;ESTADO DE SÃO PAULO;Thursday;Quinta-feira;Ranking dos municípios (21/5/2020);SP;>40-50%;1;49%
sexta-feira, 22/05;ESTADO DE SÃO PAULO;Friday;Sexta-feira;Ranking dos municípios (22/5/2020);SP;>40-50%;1;48%
sábado, 23/05;ESTADO DE SÃO PAULO;Saturday;Sábado;Ranking dos municípios (23/5/2020);SP;>50-60%;1;51%
domingo, 24/05;ESTADO DE SÃO PAULO;Sunday;Domingo;Ranking dos municípios (24/5/2020);SP;>50-60%;1;55%
segunda-feira, 25/05;ESTADO DE SÃO PAULO;Monday;Segunda-feira;Ranking dos municípios (25/5/2020);SP;>50-60%;1;51%
terça-feira, 26/05;ESTADO DE SÃO PAULO;Tuesday;Terça-feira;Ranking dos municípios (26/5/2020);SP;>40-50%;1;47%
quarta-feira, 27/05;ESTADO DE SÃO PAULO;Wednesday;Quarta-feira;Ranking dos municípios (27/5/2020);SP;>40-50%;1;48%
quinta-feira, 28/05;ESTADO DE SÃO PAULO;Thursday;Quinta-feira;Ranking dos municípios (28/5/2020);SP;>40-50%;1;48%
sexta-feira, 29/05;ESTADO DE SÃO PAULO;Friday;Sexta-feira;Ranking dos municípios (29/5/2020);SP;>40-50%;1;47%
sábado, 30/05;ESTADO DE SÃO PAULO;Saturday;Sábado;Ranking dos municípios (30/5/2020);SP;>50-60%;1;51%
domingo, 31/05;ESTADO DE SÃO PAULO;Sunday;Domingo;Ranking dos municípios (31/5/2020);SP;>50-60%;1;53%
segunda-feira, 01/06;ESTADO DE SÃO PAULO;Monday;Segunda-feira;Ranking dos municípios (1/6/2020);SP;>40-50%;1;47%
terça-feira, 02/06;ESTADO DE SÃO PAULO;Tuesday;Terça-feira;Ranking dos municípios (2/6/2020);SP;>40-50%;1;48%
quarta-feira, 03/06;ESTADO DE SÃO PAULO;Wednesday;Quarta-feira;Ranking dos municípios (3/6/2020);SP;>40-50%;1;47%
quinta-feira, 04/06;ESTADO DE SÃO PAULO;Thursday;Quinta-feira;Ranking dos municípios (4/6/2020);SP;>40-50%;1;47%
sexta-feira, 05/06;ESTADO DE SÃO PAULO;Friday;Sexta-feira;Ranking dos municípios (5/6/2020);SP;>40-50%;1;46%
sábado, 06/06;ESTADO DE SÃO PAULO;Saturday;Sábado;Ranking dos municípios (6/6/2020);SP;>40-50%;1;49%
domingo, 07/06;ESTADO DE SÃO PAULO;Sunday;Domingo;Ranking dos municípios (7/6/2020);SP;>50-60%;1;52%
segunda-feira, 08/06;ESTADO DE SÃO PAULO;Monday;Segunda-feira;Ranking dos municípios (8/6/2020);SP;>40-50%;1;47%
terça-feira, 09/06;ESTADO DE SÃO PAULO;Tuesday;Terça-feira;Ranking dos municípios (9/6/2020);SP;>40-50%;1;47%
quarta-feira, 10/06;ESTADO DE SÃO PAULO;Wednesday;Quarta-feira;Ranking dos municípios (10/6/2020);SP;>40-50%;1;46%
quinta-feira, 11/06;ESTADO DE SÃO PAULO;Thursday;Quinta-feira;Ranking dos municípios (11/6/2020);SP;>40-50%;1;48%
sexta-feira, 12/06;ESTADO DE SÃO PAULO;Friday;Sexta-feira;Ranking dos municípios (12/6/2020);SP;>40-50%;1;46%
sábado, 13/06;ESTADO DE SÃO PAULO;Saturday;Sábado;Ranking dos municípios (13/6/2020);SP;>40-50%;1;48%
domingo, 14/06;ESTADO DE SÃO PAULO;Sunday;Domingo;Ranking dos municípios (14/6/2020);SP;>50-60%;1;52%
segunda-feira, 15/06;ESTADO DE SÃO PAULO;Monday;Segunda-feira;Ranking dos municípios (15/6/2020);SP;>40-50%;1;47%
terça-feira, 16/06;ESTADO DE SÃO PAULO;Tuesday;Terça-feira;Ranking dos municípios (16/6/2020);SP;>40-50%;1;46%
quarta-feira, 17/06;ESTADO DE SÃO PAULO;Wednesday;Quarta-feira;Ranking dos municípios (17/6/2020);SP;>40-50%;1;46%
quinta-feira, 18/06;ESTADO DE SÃO PAULO;Thursday;Quinta-feira;Ranking dos municípios (18/6/2020);SP;>40-50%;1;45%
sexta-feira, 19/06;ESTADO DE SÃO PAULO;Friday;Sexta-feira;Ranking dos municípios (19/6/2020);SP;>40-50%;1;45%
sábado, 20/06;ESTADO DE SÃO PAULO;Saturday;Sábado;Ranking dos municípios (20/6/2020);SP;>40-50%;1;47%
domingo, 21/06;ESTADO DE SÃO PAULO;Sunday;Domingo;Ranking dos municípios (21/6/2020);SP;>50-60%;1;52%
segunda-feira, 22/06;ESTADO DE SÃO PAULO;Monday;Segunda-feira;Ranking dos municípios (22/6/2020);SP;>40-50%;1;46%
terça-feira, 23/06;ESTADO DE SÃO PAULO;Tuesday;Terça-feira;Ranking dos municípios (23/6/2020);SP;>40-50%;1;46%
quarta-feira, 24/06;ESTADO DE SÃO PAULO;Wednesday;Quarta-feira;Ranking dos municípios (24/6/2020);SP;>40-50%;1;46%
quinta-feira, 25/06;ESTADO DE SÃO PAULO;Thursday;Quinta-feira;Ranking dos municípios (25/6/2020);SP;>40-50%;1;45%
sexta-feira, 26/06;ESTADO DE SÃO PAULO;Friday;Sexta-feira;Ranking dos municípios (26/6/2020);SP;>40-50%;1;45%
sábado, 27/06;ESTADO DE SÃO PAULO;Saturday;Sábado;Ranking dos municípios (27/6/2020);SP;>40-50%;1;48%
domingo, 28/06;ESTADO DE SÃO PAULO;Sunday;Domingo;Ranking dos municípios (28/6/2020);SP;>50-60%;1;52%
segunda-feira, 29/06;ESTADO DE SÃO PAULO;Monday;Segunda-feira;Ranking dos municípios (29/6/2020);SP;>40-50%;1;46%
terça-feira, 30/06;ESTADO DE SÃO PAULO;Tuesday;Terça-feira;Ranking dos municípios (30/6/2020);SP;>40-50%;1;46%
quarta-feira, 01/07;ESTADO DE SÃO PAULO;Wednesday;Quarta-feira;Ranking dos municípios (1/7/2020);SP;>40-50%;1;45%
quinta-feira, 02/07;ESTADO DE SÃO PAULO;Thursday;Quinta-feira;Ranking dos municípios (2/7/2020);SP;>40-50%;1;45%
sexta-feira, 03/07;ESTADO DE SÃO PAULO;Friday;Sexta-feira;Ranking dos municípios (3/7/2020);SP;>40-50%;1;45%
sábado, 04/07;ESTADO DE SÃO PAULO;Saturday;Sábado;Ranking dos municípios (4/7/2020);SP;>40-50%;1;47%
domingo, 05/07;ESTADO DE SÃO PAULO;Sunday;Domingo;Ranking dos municípios (5/7/2020);SP;>50-60%;1;51%
segunda-feira, 06/07;ESTADO DE SÃO PAULO;Monday;Segunda-feira;Ranking dos municípios (6/7/2020);SP;>40-50%;1;45%
terça-feira, 07/07;ESTADO DE SÃO PAULO;Tuesday;Terça-feira;Ranking dos municípios (7/7/2020);SP;>40-50%;1;45%
quarta-feira, 08/07;ESTADO DE SÃO PAULO;Wednesday;Quarta-feira;Ranking dos municípios (8/7/2020);SP;>40-50%;1;45%
quinta-feira, 09/07;ESTADO DE SÃO PAULO;Thursday;Quinta-feira;Ranking dos municípios (9/7/2020);SP;>40-50%;1;45%
sexta-feira, 10/07;ESTADO DE SÃO PAULO;Friday;Sexta-feira;Ranking dos municípios (10/7/2020);SP;>40-50%;1;44%
sábado, 11/07;ESTADO DE SÃO PAULO;Saturday;Sábado;Ranking dos municípios (11/7/2020);SP;>40-50%;1;46%
domingo, 12/07;ESTADO DE SÃO PAULO;Sunday;Domingo;Ranking dos municípios (12/7/2020);SP;>50-60%;1;51%
segunda-feira, 13/07;ESTADO DE SÃO PAULO;Monday;Segunda-feira;Ranking dos municípios (13/7/2020);SP;>40-50%;1;45%
terça-feira, 14/07;ESTADO DE SÃO PAULO;Tuesday;Terça-feira;Ranking dos municípios (14/7/2020);SP;>40-50%;1;45%
quarta-feira, 15/07;ESTADO DE SÃO PAULO;Wednesday;Quarta-feira;Ranking dos municípios (15/7/2020);SP;>40-50%;1;45%
quinta-feira, 16/07;ESTADO DE SÃO PAULO;Thursday;Quinta-feira;Ranking dos municípios (16/7/2020);SP;>40-50%;1;45%
sexta-feira, 17/07;ESTADO DE SÃO PAULO;Friday;Sexta-feira;Ranking dos municípios (17/7/2020);SP;>40-50%;1;44%
sábado, 18/07;ESTADO DE SÃO PAULO;Saturday;Sábado;Ranking dos municípios (18/7/2020);SP;>40-50%;1;46%
domingo, 19/07;ESTADO DE SÃO PAULO;Sunday;Domingo;Ranking dos municípios (19/7/2020);SP;>50-60%;1;50%
segunda-feira, 20/07;ESTADO DE SÃO PAULO;Monday;Segunda-feira;Ranking dos municípios (20/7/2020);SP;>40-50%;1;43%
terça-feira, 21/07;ESTADO DE SÃO PAULO;Tuesday;Terça-feira;Ranking dos municípios (21/7/2020);SP;>40-50%;1;43%
quarta-feira, 22/07;ESTADO DE SÃO PAULO;Wednesday;Quarta-feira;Ranking dos municípios (22/7/2020);SP;>40-50%;1;43%
quinta-feira, 23/07;ESTADO DE SÃO PAULO;Thursday;Quinta-feira;Ranking dos municípios (23/7/2020);SP;>40-50%;1;43%
sexta-feira, 24/07;ESTADO DE SÃO PAULO;Friday;Sexta-feira;Ranking dos municípios (24/7/2020);SP;>40-50%;1;42%
sábado, 25/07;ESTADO DE SÃO PAULO;Saturday;Sábado;Ranking dos municípios (25/7/2020);SP;>40-50%;1;45%
domingo, 26/07;ESTADO DE SÃO PAULO;Sunday;Domingo;Ranking dos municípios (26/7/2020);SP;>50-60%;1;51%
segunda-feira, 27/07;ESTADO DE SÃO PAULO;Monday;Segunda-feira;Ranking dos municípios (27/7/2020);SP;>40-50%;1;44%
terça-feira, 28/07;ESTADO DE SÃO PAULO;Tuesday;Terça-feira;Ranking dos municípios (28/7/2020);SP;>40-50%;1;43%
quarta-feira, 29/07;ESTADO DE SÃO PAULO;Wednesday;Quarta-feira;Ranking dos municípios (29/7/2020);SP;>40-50%;1;43%
quinta-feira, 30/07;ESTADO DE SÃO PAULO;Thursday;Quinta-feira;Ranking dos municípios (30/7/2020);SP;>40-50%;1;43%
sexta-feira, 31/07;ESTADO DE SÃO PAULO;Friday;Sexta-feira;Ranking dos municípios (31/7/2020);SP;>40-50%;1;43%
sábado, 01/08;ESTADO DE SÃO PAULO;Saturday;Sábado;Ranking dos municípios (1/8/2020);SP;>40-50%;1;45%
domingo, 02/08;ESTADO DE SÃO PAULO;Sunday;Domingo;Ranking dos municípios (2/8/2020);SP;>50-60%;1;51%
segunda-feira, 03/08;ESTADO DE SÃO PAULO;Monday;Segunda-feira;Ranking dos municípios (3/8/2020);SP;>40-50%;1;43%
terça-feira, 04/08;ESTADO DE SÃO PAULO;Tuesday;Terça-feira;Ranking dos municípios (4/8/2020);SP;>40-50%;1;43%
quarta-feira, 05/08;ESTADO DE SÃO PAULO;Wednesday;Quarta-feira;Ranking dos municípios (5/8/2020);SP;>40-50%;1;42%
quinta-feira, 06/08;ESTADO DE SÃO PAULO;Thursday;Quinta-feira;Ranking dos municípios (6/8/2020);SP;>40-50%;1;42%
sexta-feira, 07/08;ESTADO DE SÃO PAULO;Friday;Sexta-feira;Ranking dos municípios (7/8/2020);SP;>40-50%;1;41%
sábado, 08/08;ESTADO DE SÃO PAULO;Saturday;Sábado;Ranking dos municípios (8/8/2020);SP;>40-50%;1;43%
domingo, 09/08;ESTADO DE SÃO PAULO;Sunday;Domingo;Ranking dos municípios (9/8/2020);SP;>40-50%;1;48%
segunda-feira, 10/08;ESTADO DE SÃO PAULO;Monday;Segunda-feira;Ranking dos municípios (10/8/2020);SP;>40-50%;1;43%
terça-feira, 11/08;ESTADO DE SÃO PAULO;Tuesday;Terça-feira;Ranking dos municípios (11/8/2020);SP;>40-50%;1;43%
quarta-feira, 12/08;ESTADO DE SÃO PAULO;Wednesday;Quarta-feira;Ranking dos municípios (12/8/2020);SP;>40-50%;1;42%
quinta-feira, 13/08;ESTADO DE SÃO PAULO;Thursday;Quinta-feira;Ranking dos municípios (13/8/2020);SP;>40-50%;1;42%
sexta-feira, 14/08;ESTADO DE SÃO PAULO;Friday;Sexta-feira;Ranking dos municípios (14/8/2020);SP;>40-50%;1;42%
sábado, 15/08;ESTADO DE SÃO PAULO;Saturday;Sábado;Ranking dos municípios (15/8/2020);SP;>40-50%;1;45%
domingo, 16/08;ESTADO DE SÃO PAULO;Sunday;Domingo;Ranking dos municípios (16/8/2020);SP;>50-60%;1;52%
segunda-feira, 17/08;ESTADO DE SÃO PAULO;Monday;Segunda-feira;Ranking dos municípios (17/8/2020);SP;>40-50%;1;43%
terça-feira, 18/08;ESTADO DE SÃO PAULO;Tuesday;Terça-feira;Ranking dos municípios (18/8/2020);SP;>40-50%;1;44%
quarta-feira, 19/08;ESTADO DE SÃO PAULO;Wednesday;Quarta-feira;Ranking dos municípios (19/8/2020);SP;>40-50%;1;43%
quinta-feira, 20/08;ESTADO DE SÃO PAULO;Thursday;Quinta-feira;Ranking dos municípios (20/8/2020);SP;>40-50%;1;43%
sexta-feira, 21/08;ESTADO DE SÃO PAULO;Friday;Sexta-feira;Ranking dos municípios (21/8/2020);SP;>40-50%;1;42%
sábado, 22/08;ESTADO DE SÃO PAULO;Saturday;Sábado;Ranking dos municípios (22/8/2020);SP;>40-50%;1;46%
domingo, 23/08;ESTADO DE SÃO PAULO;Sunday;Domingo;Ranking dos municípios (23/8/2020);SP;>50-60%;1;50%
segunda-feira, 24/08;ESTADO DE SÃO PAULO;Monday;Segunda-feira;Ranking dos municípios (24/8/2020);SP;>40-50%;1;43%
terça-feira, 25/08;ESTADO DE SÃO PAULO;Tuesday;Terça-feira;Ranking dos municípios (25/8/2020);SP;>40-50%;1;43%
quarta-feira, 26/08;ESTADO DE SÃO PAULO;Wednesday;Quarta-feira;Ranking dos municípios (26/8/2020);SP;>40-50%;1;42%
quinta-feira, 27/08;ESTADO DE SÃO PAULO;Thursday;Quinta-feira;Ranking dos municípios (27/8/2020);SP;>40-50%;1;42%
sexta-feira, 28/08;ESTADO DE SÃO PAULO;Friday;Sexta-feira;Ranking dos municípios (28/8/2020);SP;>40-50%;1;41%
sábado, 29/08;ESTADO DE SÃO PAULO;Saturday;Sábado;Ranking dos municípios (29/8/2020);SP;>40-50%;1;43%
domingo, 30/08;ESTADO DE SÃO PAULO;Sunday;Domingo;Ranking dos municípios (30/8/2020);SP;>40-50%;1;48%
segunda-feira, 31/08;ESTADO DE SÃO PAULO;Monday;Segunda-feira;Ranking dos municípios (31/8/2020);SP;>40-50%;1;42%
terça-feira, 01/09;ESTADO DE SÃO PAULO;Tuesday;Terça-feira;Ranking dos municípios (1/9/2020);SP;>40-50%;1;42%
quarta-feira, 02/09;ESTADO DE SÃO PAULO;Wednesday;Quarta-feira;Ranking dos municípios (2/9/2020);SP;>40-50%;1;42%
quinta-feira, 03/09;ESTADO DE SÃO PAULO;Thursday;Quinta-feira;Ranking dos municípios (3/9/2020);SP;>40-50%;1;41%
sexta-feira, 04/09;ESTADO DE SÃO PAULO;Friday;Sexta-feira;Ranking dos municípios (4/9/2020);SP;>40-50%;1;40%
sábado, 05/09;ESTADO DE SÃO PAULO;Saturday;Sábado;Ranking dos municípios (5/9/2020);SP;>40-50%;1;42%
domingo, 06/09;ESTADO DE SÃO PAULO;Sunday;Domingo;Ranking dos municípios (6/9/2020);SP;>40-50%;1;46%
segunda-feira, 07/09;ESTADO DE SÃO PAULO;Monday;Segunda-feira;Ranking dos municípios (7/9/2020);SP;>40-50%;1;48%
terça-feira, 08/09;ESTADO DE SÃO PAULO;Tuesday;Terça-feira;Ranking dos municípios (8/9/2020);SP;>40-50%;1;41%
quarta-feira, 09/09;ESTADO DE SÃO PAULO;Wednesday;Quarta-feira;Ranking dos municípios (9/9/2020);SP;>40-50%;1;42%
quinta-feira, 10/09;ESTADO DE SÃO PAULO;Thursday;Quinta-feira;Ranking dos municípios (10/9/2020);SP;>40-50%;1;41%
sexta-feira, 11/09;ESTADO DE SÃO PAULO;Friday;Sexta-feira;Ranking dos municípios (11/9/2020);SP;>40-50%;1;40%
sábado, 12/09;ESTADO DE SÃO PAULO;Saturday;Sábado;Ranking dos municípios (12/9/2020);SP;>40-50%;1;42%
domingo, 13/09;ESTADO DE SÃO PAULO;Sunday;Domingo;Ranking dos municípios (13/9/2020);SP;>40-50%;1;48%
segunda-feira, 14/09;ESTADO DE SÃO PAULO;Monday;Segunda-feira;Ranking dos municípios (14/9/2020);SP;>40-50%;1;41%
terça-feira, 15/09;ESTADO DE SÃO PAULO;Tuesday;Terça-feira;Ranking dos municípios (15/9/2020);SP;>40-50%;1;41%
quarta-feira, 16/09;ESTADO DE SÃO PAULO;Wednesday;Quarta-feira;Ranking dos municípios (16/9/2020);SP;>40-50%;1;41%
quinta-feira, 17/09;ESTADO DE SÃO PAULO;Thursday;Quinta-feira;Ranking dos municípios (17/9/2020);SP;>40-50%;1;41%
sexta-feira, 18/09;ESTADO DE SÃO PAULO;Friday;Sexta-feira;Ranking dos municípios (18/9/2020);SP;>40-50%;1;41%
sábado, 19/09;ESTADO DE SÃO PAULO;Saturday;Sábado;Ranking dos municípios (19/9/2020);SP;>40-50%;1;42%
domingo, 20/09;ESTADO DE SÃO PAULO;Sunday;Domingo;Ranking dos municípios (20/9/2020);SP;>40-50%;1;48%
segunda-feira, 21/09;ESTADO DE SÃO PAULO;Monday;Segunda-feira;Ranking dos municípios (21/9/2020);SP;>40-50%;1;42%
terça-feira, 22/09;ESTADO DE SÃO PAULO;Tuesday;Terça-feira;Ranking dos municípios (22/9/2020);SP;>40-50%;1;42%
quarta-feira, 23/09;ESTADO DE SÃO PAULO;Wednesday;Quarta-feira;Ranking dos municípios (23/9/2020);SP;>40-50%;1;42%
quinta-feira, 24/09;ESTADO DE SÃO PAULO;Thursday;Quinta-feira;Ranking dos municípios (24/9/2020);SP;>40-50%;1;41%
sexta-feira, 25/09;ESTADO DE SÃO PAULO;Friday;Sexta-feira;Ranking dos municípios (25/9/2020);SP;>40-50%;1;41%
sábado, 26/09;ESTADO DE SÃO PAULO;Saturday;Sábado;Ranking dos municípios (26/9/2020);SP;>40-50%;1;42%
domingo, 27/09;ESTADO DE SÃO PAULO;Sunday;Domingo;Ranking dos municípios (27/9/2020);SP;>40-50%;1;47%
segunda-feira, 28/09;ESTADO DE SÃO PAULO;Monday;Segunda-feira;Ranking dos municípios (28/9/2020);SP;>40-50%;1;41%
terça-feira, 29/09;ESTADO DE SÃO PAULO;Tuesday;Terça-feira;Ranking dos municípios (29/9/2020);SP;>40-50%;1;41%
quarta-feira, 30/09;ESTADO DE SÃO PAULO;Wednesday;Quarta-feira;Ranking dos municípios (30/9/2020);SP;>40-50%;1;40%
quinta-feira, 01/10;ESTADO DE SÃO PAULO;Thursday;Quinta-feira;Ranking dos municípios (1/10/2020);SP;>40-50%;1;41%
sexta-feira, 02/10;ESTADO DE SÃO PAULO;Friday;Sexta-feira;Ranking dos municípios (2/10/2020);SP;>40-50%;1;40%
sábado, 03/10;ESTADO DE SÃO PAULO;Saturday;Sábado;Ranking dos municípios (3/10/2020);SP;>40-50%;1;41%
domingo, 04/10;ESTADO DE SÃO PAULO;Sunday;Domingo;Ranking dos municípios (4/10/2020);SP;>40-50%;1;47%
segunda-feira, 05/10;ESTADO DE SÃO PAULO;Monday;Segunda-feira;Ranking dos municípios (5/10/2020);SP;>40-50%;1;41%
terça-feira, 06/10;ESTADO DE SÃO PAULO;Tuesday;Terça-feira;Ranking dos municípios (6/10/2020);SP;>40-50%;1;41%
quarta-feira, 07/10;ESTADO DE SÃO PAULO;Wednesday;Quarta-feira;Ranking dos municípios (7/10/2020);SP;>40-50%;1;40%
quinta-feira, 08/10;ESTADO DE SÃO PAULO;Thursday;Quinta-feira;Ranking dos municípios (8/10/2020);SP;>40-50%;1;41%
sexta-feira, 09/10;ESTADO DE SÃO PAULO;Friday;Sexta-feira;Ranking dos municípios (9/10/2020);SP;>40-50%;1;41%
sábado, 10/10;ESTADO DE SÃO PAULO;Saturday;Sábado;Ranking dos municípios (10/10/2020);SP;>40-50%;1;41%
domingo, 11/10;ESTADO DE SÃO PAULO;Sunday;Domingo;Ranking dos municípios (11/10/2020);SP;>40-50%;1;47%
segunda-feira, 12/10;ESTADO DE SÃO PAULO;Monday;Segunda-feira;Ranking dos municípios (12/10/2020);SP;>40-50%;1;47%
terça-feira, 13/10;ESTADO DE SÃO PAULO;Tuesday;Terça-feira;Ranking dos municípios (13/10/2020);SP;Até 40%;1;40%
quarta-feira, 14/10;ESTADO DE SÃO PAULO;Wednesday;Quarta-feira;Ranking dos municípios (14/10/2020);SP;>40-50%;1;41%
quinta-feira, 15/10;ESTADO DE SÃO PAULO;Thursday;Quinta-feira;Ranking dos municípios (15/10/2020);SP;>40-50%;1;41%
sexta-feira, 16/10;ESTADO DE SÃO PAULO;Friday;Sexta-feira;Ranking dos municípios (16/10/2020);SP;>40-50%;1;42%
sábado, 17/10;ESTADO DE SÃO PAULO;Saturday;Sábado;Ranking dos municípios (17/10/2020);SP;>40-50%;1;42%
domingo, 18/10;ESTADO DE SÃO PAULO;Sunday;Domingo;Ranking dos municípios (18/10/2020);SP;>40-50%;1;47%
segunda-feira, 19/10;ESTADO DE SÃO PAULO;Monday;Segunda-feira;Ranking dos municípios (19/10/2020);SP;>40-50%;1;41%
terça-feira, 20/10;ESTADO DE SÃO PAULO;Tuesday;Terça-feira;Ranking dos municípios (20/10/2020);SP;>40-50%;1;41%
quarta-feira, 21/10;ESTADO DE SÃO PAULO;Wednesday;Quarta-feira;Ranking dos municípios (21/10/2020);SP;>40-50%;1;41%
quinta-feira, 22/10;ESTADO DE SÃO PAULO;Thursday;Quinta-feira;Ranking dos municípios (22/10/2020);SP;>40-50%;1;40%
sexta-feira, 23/10;ESTADO DE SÃO PAULO;Friday;Sexta-feira;Ranking dos municípios (23/10/2020);SP;>40-50%;1;40%
sábado, 24/10;ESTADO DE SÃO PAULO;Saturday;Sábado;Ranking dos municípios (24/10/2020);SP;>40-50%;1;43%
domingo, 25/10;ESTADO DE SÃO PAULO;Sunday;Domingo;Ranking dos municípios (25/10/2020);SP;>40-50%;1;47%
segunda-feira, 26/10;ESTADO DE SÃO PAULO;Monday;Segunda-feira;Ranking dos municípios (26/10/2020);SP;>40-50%;1;41%
terça-feira, 27/10;ESTADO DE SÃO PAULO;Tuesday;Terça-feira;Ranking dos municípios (27/10/2020);SP;>40-50%;1;41%
quarta-feira, 28/10;ESTADO DE SÃO PAULO;Wednesday;Quarta-feira;Ranking dos municípios (28/10/2020);SP;>40-50%;1;40%
quinta-feira, 29/10;ESTADO DE SÃO PAULO;Thursday;Quinta-feira;Ranking dos municípios (29/10/2020);SP;>40-50%;1;40%
sexta-feira, 30/10;ESTADO DE SÃO PAULO;Friday;Sexta-feira;Ranking dos municípios (30/10/2020);SP;>40-50%;1;40%
sábado, 31/10;ESTADO DE SÃO PAULO;Saturday;Sábado;Ranking dos municípios (31/10/2020);SP;>40-50%;1;45%
domingo, 01/11;ESTADO DE SÃO PAULO;Sunday;Domingo;Ranking dos municípios (1/11/2020);SP;>40-50%;1;48%
segunda-feira, 02/11;ESTADO DE SÃO PAULO;Monday;Segunda-feira;Ranking dos municípios (2/11/2020);SP;>40-50%;1;48%
terça-feira, 03/11;ESTADO DE SÃO PAULO;Tuesday;Terça-feira;Ranking dos municípios (3/11/2020);SP;>40-50%;1;40%
quarta-feira, 04/11;ESTADO DE SÃO PAULO;Wednesday;Quarta-feira;Ranking dos municípios (4/11/2020);SP;>40-50%;1;40%
quinta-feira, 05/11;ESTADO DE SÃO PAULO;Thursday;Quinta-feira;Ranking dos municípios (5/11/2020);SP;Até 40%;1;40%
sexta-feira, 06/11;ESTADO DE SÃO PAULO;Friday;Sexta-feira;Ranking dos municípios (6/11/2020);SP;Até 40%;1;39%
sábado, 07/11;ESTADO DE SÃO PAULO;Saturday;Sábado;Ranking dos municípios (7/11/2020);SP;>40-50%;1;42%
domingo, 08/11;ESTADO DE SÃO PAULO;Sunday;Domingo;Ranking dos municípios (8/11/2020);SP;>40-50%;1;47%
segunda-feira, 09/11;ESTADO DE SÃO PAULO;Monday;Segunda-feira;Ranking dos municípios (9/11/2020);SP;Até 40%;1;40%
terça-feira, 10/11;ESTADO DE SÃO PAULO;Tuesday;Terça-feira;Ranking dos municípios (10/11/2020);SP;>40-50%;1;40%
quarta-feira, 11/11;ESTADO DE SÃO PAULO;Wednesday;Quarta-feira;Ranking dos municípios (11/11/2020);SP;>40-50%;1;40%
quinta-feira, 12/11;ESTADO DE SÃO PAULO;Thursday;Quinta-feira;Ranking dos municípios (12/11/2020);SP;Até 40%;1;40%
sexta-feira, 13/11;ESTADO DE SÃO PAULO;Friday;Sexta-feira;Ranking dos municípios (13/11/2020);SP;Até 40%;1;40%
sábado, 14/11;ESTADO DE SÃO PAULO;Saturday;Sábado;Ranking dos municípios (14/11/2020);SP;>40-50%;1;42%
domingo, 15/11;ESTADO DE SÃO PAULO;Sunday;Domingo;Ranking dos municípios (15/11/2020);SP;>40-50%;1;46%
segunda-feira, 16/11;ESTADO DE SÃO PAULO;Monday;Segunda-feira;Ranking dos municípios (16/11/2020);SP;>40-50%;1;40%
terça-feira, 17/11;ESTADO DE SÃO PAULO;Tuesday;Terça-feira;Ranking dos municípios (17/11/2020);SP;>40-50%;1;41%
quarta-feira, 18/11;ESTADO DE SÃO PAULO;Wednesday;Quarta-feira;Ranking dos municípios (18/11/2020);SP;>40-50%;1;40%
quinta-feira, 19/11;ESTADO DE SÃO PAULO;Thursday;Quinta-feira;Ranking dos municípios (19/11/2020);SP;Até 40%;1;40%
sexta-feira, 20/11;ESTADO DE SÃO PAULO;Friday;Sexta-feira;Ranking dos municípios (20/11/2020);SP;>40-50%;1;41%
sábado, 21/11;ESTADO DE SÃO PAULO;Saturday;Sábado;Ranking dos municípios (21/11/2020);SP;>40-50%;1;42%
domingo, 22/11;ESTADO DE SÃO PAULO;Sunday;Domingo;Ranking dos municípios (22/11/2020);SP;>40-50%;1;46%
segunda-feira, 23/11;ESTADO DE SÃO PAULO;Monday;Segunda-feira;Ranking dos municípios (23/11/2020);SP;>40-50%;1;40%
terça-feira, 24/11;ESTADO DE SÃO PAULO;Tuesday;Terça-feira;Ranking dos municípios (24/11/2020);SP;>40-50%;1;40%
quarta-feira, 25/11;ESTADO DE SÃO PAULO;Wednesday;Quarta-feira;Ranking dos municípios (25/11/2020);SP;>40-50%;1;40%
quinta-feira, 26/11;ESTADO DE SÃO PAULO;Thursday;Quinta-feira;Ranking dos municípios (26/11/2020);SP;>40-50%;1;40%
sexta-feira, 27/11;ESTADO DE SÃO PAULO;Friday;Sexta-feira;Ranking dos municípios (27/11/2020);SP;>40-50%;1;40%
sábado, 28/11;ESTADO DE SÃO PAULO;Saturday;Sábado;Ranking dos municípios (28/11/2020);SP;>40-50%;1;42%
domingo, 29/11;ESTADO DE SÃO PAULO;Sunday;Domingo;Ranking dos municípios (29/11/2020);SP;>40-50%;1;45%
segunda-feira, 30/11;ESTADO DE SÃO PAULO;Monday;Segunda-feira;Ranking dos municípios (30/11/2020);SP;Até 40%;1;40%
terça-feira, 01/12;ESTADO DE SÃO PAULO;Tuesday;Terça-feira;Ranking dos municípios (1/12/2020);SP;Até 40%;1;39%
quarta-feira, 02/12;ESTADO DE SÃO PAULO;Wednesday;Quarta-feira;Ranking dos municípios (2/12/2020);SP;>40-50%;1;40%
quinta-feira, 03/12;ESTADO DE SÃO PAULO;Thursday;Quinta-feira;Ranking dos municípios (3/12/2020);SP;Até 40%;1;40%
sexta-feira, 04/12;ESTADO DE SÃO PAULO;Friday;Sexta-feira;Ranking dos municípios (4/12/2020);SP;Até 40%;1;39%
sábado, 05/12;ESTADO DE SÃO PAULO;Saturday;Sábado;Ranking dos municípios (5/12/2020);SP;>40-50%;1;41%
domingo, 06/12;ESTADO DE SÃO PAULO;Sunday;Domingo;Ranking dos municípios (6/12/2020);SP;>40-50%;1;46%
segunda-feira, 07/12;ESTADO DE SÃO PAULO;Monday;Segunda-feira;Ranking dos municípios (7/12/2020);SP;Até 40%;1;40%
terça-feira, 08/12;ESTADO DE SÃO PAULO;Tuesday;Terça-feira;Ranking dos municípios (8/12/2020);SP;>40-50%;1;41%
quarta-feira, 09/12;ESTADO DE SÃO PAULO;Wednesday;Quarta-feira;Ranking dos municípios (9/12/2020);SP;Até 40%;1;39%
quinta-feira, 10/12;ESTADO DE SÃO PAULO;Thursday;Quinta-feira;Ranking dos municípios (10/12/2020);SP;>40-50%;1;40%
sexta-feira, 11/12;ESTADO DE SÃO PAULO;Friday;Sexta-feira;Ranking dos municípios (11/12/2020);SP;Até 40%;1;40%
sábado, 12/12;ESTADO DE SÃO PAULO;Saturday;Sábado;Ranking dos municípios (12/12/2020);SP;>40-50%;1;41%
domingo, 13/12;ESTADO DE SÃO PAULO;Sunday;Domingo;Ranking dos municípios (13/12/2020);SP;>40-50%;1;45%
segunda-feira, 14/12;ESTADO DE SÃO PAULO;Monday;Segunda-feira;Ranking dos municípios (14/12/2020);SP;>40-50%;1;40%
terça-feira, 15/12;ESTADO DE SÃO PAULO;Tuesday;Terça-feira;Ranking dos municípios (15/12/2020);SP;>40-50%;1;40%
quarta-feira, 16/12;ESTADO DE SÃO PAULO;Wednesday;Quarta-feira;Ranking dos municípios (16/12/2020);SP;>40-50%;1;40%
quinta-feira, 17/12;ESTADO DE SÃO PAULO;Thursday;Quinta-feira;Ranking dos municípios (17/12/2020);SP;Até 40%;1;40%
sexta-feira, 18/12;ESTADO DE SÃO PAULO;Friday;Sexta-feira;Ranking dos municípios (18/12/2020);SP;Até 40%;1;39%
sábado, 19/12;ESTADO DE SÃO PAULO;Saturday;Sábado;Ranking dos municípios (19/12/2020);SP;>40-50%;1;41%
domingo, 20/12;ESTADO DE SÃO PAULO;Sunday;Domingo;Ranking dos municípios (20/12/2020);SP;>40-50%;1;45%
segunda-feira, 21/12;ESTADO DE SÃO PAULO;Monday;Segunda-feira;Ranking dos municípios (21/12/2020);SP;>40-50%;1;40%
terça-feira, 22/12;ESTADO DE SÃO PAULO;Tuesday;Terça-feira;Ranking dos municípios (22/12/2020);SP;Até 40%;1;40%
quarta-feira, 23/12;ESTADO DE SÃO PAULO;Wednesday;Quarta-feira;Ranking dos municípios (23/12/2020);SP;>40-50%;1;40%
quinta-feira, 24/12;ESTADO DE SÃO PAULO;Thursday;Quinta-feira;Ranking dos municípios (24/12/2020);SP;>40-50%;1;42%
sexta-feira, 25/12;ESTADO DE SÃO PAULO;Friday;Sexta-feira;Ranking dos municípios (25/12/2020);SP;>40-50%;1;48%
sábado, 26/12;ESTADO DE SÃO PAULO;Saturday;Sábado;Ranking dos municípios (26/12/2020);SP;>40-50%;1;47%
domingo, 27/12;ESTADO DE SÃO PAULO;Sunday;Domingo;Ranking dos municípios (27/12/2020);SP;>40-50%;1;49%
segunda-feira, 28/12;ESTADO DE SÃO PAULO;Monday;Segunda-feira;Ranking dos municípios (28/12/2020);SP;>40-50%;1;42%
terça-feira, 29/12;ESTADO DE SÃO PAULO;Tuesday;Terça-feira;Ranking dos municípios (29/12/2020);SP;>40-50%;1;43%
quarta-feira, 30/12;ESTADO DE SÃO PAULO;Wednesday;Quarta-feira;Ranking dos municípios (30/12/2020);SP;>40-50%;1;42%
quinta-feira, 31/12;ESTADO DE SÃO PAULO;Thursday;Quinta-feira;Ranking dos municípios (31/12/2020);SP;>40-50%;1;45%
sexta-feira, 01/01;ESTADO DE SÃO PAULO;Friday;Sexta-feira;Ranking dos municípios (1/1/2021);SP;>40-50%;1;48%
sábado, 02/01;ESTADO DE SÃO PAULO;Saturday;Sábado;Ranking dos municípios (2/1/2021);SP;>40-50%;1;49%
domingo, 03/01;ESTADO DE SÃO PAULO;Sunday;Domingo;Ranking dos municípios (3/1/2021);SP;>50-60%;1;50%
segunda-feira, 04/01;ESTADO DE SÃO PAULO;Monday;Segunda-feira;Ranking dos municípios (4/1/2021);SP;>40-50%;1;41%
terça-feira, 05/01;ESTADO DE SÃO PAULO;Tuesday;Terça-feira;Ranking dos municípios (5/1/2021);SP;>40-50%;1;41%
quarta-feira, 06/01;ESTADO DE SÃO PAULO;Wednesday;Quarta-feira;Ranking dos municípios (6/1/2021);SP;>40-50%;1;42%
quinta-feira, 07/01;ESTADO DE SÃO PAULO;Thursday;Quinta-feira;Ranking dos municípios (7/1/2021);SP;>40-50%;1;42%
sexta-feira, 08/01;ESTADO DE SÃO PAULO;Friday;Sexta-feira;Ranking dos municípios (8/1/2021);SP;>40-50%;1;40%
sábado, 09/01;ESTADO DE SÃO PAULO;Saturday;Sábado;Ranking dos municípios (9/1/2021);SP;>40-50%;1;46%
domingo, 10/01;ESTADO DE SÃO PAULO;Sunday;Domingo;Ranking dos municípios (10/1/2021);SP;>40-50%;1;47%
segunda-feira, 11/01;ESTADO DE SÃO PAULO;Monday;Segunda-feira;Ranking dos municípios (11/1/2021);SP;>40-50%;1;41%
terça-feira, 12/01;ESTADO DE SÃO PAULO;Tuesday;Terça-feira;Ranking dos municípios (12/1/2021);SP;>40-50%;1;41%
quarta-feira, 13/01;ESTADO DE SÃO PAULO;Wednesday;Quarta-feira;Ranking dos municípios (13/1/2021);SP;>40-50%;1;41%
quinta-feira, 14/01;ESTADO DE SÃO PAULO;Thursday;Quinta-feira;Ranking dos municípios (14/1/2021);SP;>40-50%;1;41%
sexta-feira, 15/01;ESTADO DE SÃO PAULO;Friday;Sexta-feira;Ranking dos municípios (15/1/2021);SP;>40-50%;1;40%
sábado, 16/01;ESTADO DE SÃO PAULO;Saturday;Sábado;Ranking dos municípios (16/1/2021);SP;>40-50%;1;43%
domingo, 17/01;ESTADO DE SÃO PAULO;Sunday;Domingo;Ranking dos municípios (17/1/2021);SP;>40-50%;1;47%
segunda-feira, 18/01;ESTADO DE SÃO PAULO;Monday;Segunda-feira;Ranking dos municípios (18/1/2021);SP;>40-50%;1;41%
terça-feira, 19/01;ESTADO DE SÃO PAULO;Tuesday;Terça-feira;Ranking dos municípios (19/1/2021);SP;>40-50%;1;41%
quarta-feira, 20/01;ESTADO DE SÃO PAULO;Wednesday;Quarta-feira;Ranking dos municípios (20/1/2021);SP;>40-50%;1;41%
quinta-feira, 21/01;ESTADO DE SÃO PAULO;Thursday;Quinta-feira;Ranking dos municípios (21/1/2021);SP;>40-50%;1;41%
sexta-feira, 22/01;ESTADO DE SÃO PAULO;Friday;Sexta-feira;Ranking dos municípios (22/1/2021);SP;Até 40%;1;40%
sábado, 23/01;ESTADO DE SÃO PAULO;Saturday;Sábado;Ranking dos municípios (23/1/2021);SP;>40-50%;1;42%
domingo, 24/01;ESTADO DE SÃO PAULO;Sunday;Domingo;Ranking dos municípios (24/1/2021);SP;>40-50%;1;47%
segunda-feira, 25/01;ESTADO DE SÃO PAULO;Monday;Segunda-feira;Ranking dos municípios (25/1/2021);SP;>40-50%;1;43%
terça-feira, 26/01;ESTADO DE SÃO PAULO;Tuesday;Terça-feira;Ranking dos municípios (26/1/2021);SP;Até 40%;1;40%
quarta-feira, 27/01;ESTADO DE SÃO PAULO;Wednesday;Quarta-feira;Ranking dos municípios (27/1/2021);SP;Até 40%;1;40%
quinta-feira, 28/01;ESTADO DE SÃO PAULO;Thursday;Quinta-feira;Ranking dos municípios (28/1/2021);SP;>40-50%;1;40%
sexta-feira, 29/01;ESTADO DE SÃO PAULO;Friday;Sexta-feira;Ranking dos municípios (29/1/2021);SP;Até 40%;1;40%
sábado, 30/01;ESTADO DE SÃO PAULO;Saturday;Sábado;Ranking dos municípios (30/1/2021);SP;>40-50%;1;43%
domingo, 31/01;ESTADO DE SÃO PAULO;Sunday;Domingo;Ranking dos municípios (31/1/2021);SP;>40-50%;1;48%
segunda-feira, 01/02;ESTADO DE SÃO PAULO;Monday;Segunda-feira;Ranking dos municípios (1/2/2021);SP;Até 40%;1;40%
terça-feira, 02/02;ESTADO DE SÃO PAULO;Tuesday;Terça-feira;Ranking dos municípios (2/2/2021);SP;>40-50%;1;40%
quarta-feira, 03/02;ESTADO DE SÃO PAULO;Wednesday;Quarta-feira;Ranking dos municípios (3/2/2021);SP;Até 40%;1;40%
quinta-feira, 04/02;ESTADO DE SÃO PAULO;Thursday;Quinta-feira;Ranking dos municípios (4/2/2021);SP;Até 40%;1;40%
sexta-feira, 05/02;ESTADO DE SÃO PAULO;Friday;Sexta-feira;Ranking dos municípios (5/2/2021);SP;Até 40%;1;39%
sábado, 06/02;ESTADO DE SÃO PAULO;Saturday;Sábado;Ranking dos municípios (6/2/2021);SP;>40-50%;1;42%
domingo, 07/02;ESTADO DE SÃO PAULO;Sunday;Domingo;Ranking dos municípios (7/2/2021);SP;>40-50%;1;47%
segunda-feira, 08/02;ESTADO DE SÃO PAULO;Monday;Segunda-feira;Ranking dos municípios (8/2/2021);SP;Até 40%;1;40%
terça-feira, 09/02;ESTADO DE SÃO PAULO;Tuesday;Terça-feira;Ranking dos municípios (9/2/2021);SP;>40-50%;1;40%
quarta-feira, 10/02;ESTADO DE SÃO PAULO;Wednesday;Quarta-feira;Ranking dos municípios (10/2/2021);SP;Até 40%;1;39%
quinta-feira, 11/02;ESTADO DE SÃO PAULO;Thursday;Quinta-feira;Ranking dos municípios (11/2/2021);SP;Até 40%;1;39%
sexta-feira, 12/02;ESTADO DE SÃO PAULO;Friday;Sexta-feira;Ranking dos municípios (12/2/2021);SP;Até 40%;1;39%
sábado, 13/02;ESTADO DE SÃO PAULO;Saturday;Sábado;Ranking dos municípios (13/2/2021);SP;>40-50%;1;42%
domingo, 14/02;ESTADO DE SÃO PAULO;Sunday;Domingo;Ranking dos municípios (14/2/2021);SP;>40-50%;1;48%
segunda-feira, 15/02;ESTADO DE SÃO PAULO;Monday;Segunda-feira;Ranking dos municípios (15/2/2021);SP;>40-50%;1;41%
terça-feira, 16/02;ESTADO DE SÃO PAULO;Tuesday;Terça-feira;Ranking dos municípios (16/2/2021);SP;>40-50%;1;42%
quarta-feira, 17/02;ESTADO DE SÃO PAULO;Wednesday;Quarta-feira;Ranking dos municípios (17/2/2021);SP;Até 40%;1;40%
quinta-feira, 18/02;ESTADO DE SÃO PAULO;Thursday;Quinta-feira;Ranking dos municípios (18/2/2021);SP;>40-50%;1;40%
sexta-feira, 19/02;ESTADO DE SÃO PAULO;Friday;Sexta-feira;Ranking dos municípios (19/2/2021);SP;Até 40%;1;39%
sábado, 20/02;ESTADO DE SÃO PAULO;Saturday;Sábado;Ranking dos municípios (20/2/2021);SP;>40-50%;1;42%
domingo, 21/02;ESTADO DE SÃO PAULO;Sunday;Domingo;Ranking dos municípios (21/2/2021);SP;>40-50%;1;47%
segunda-feira, 22/02;ESTADO DE SÃO PAULO;Monday;Segunda-feira;Ranking dos municípios (22/2/2021);SP;Até 40%;1;39%
terça-feira, 23/02;ESTADO DE SÃO PAULO;Tuesday;Terça-feira;Ranking dos municípios (23/2/2021);SP;Até 40%;1;40%
quarta-feira, 24/02;ESTADO DE SÃO PAULO;Wednesday;Quarta-feira;Ranking dos municípios (24/2/2021);SP;>40-50%;1;43%
quinta-feira, 25/02;ESTADO DE SÃO PAULO;Thursday;Quinta-feira;Ranking dos municípios (25/2/2021);SP;Até 40%;1;40%
sexta-feira, 26/02;ESTADO DE SÃO PAULO;Friday;Sexta-feira;Ranking dos municípios (26/2/2021);SP;Até 40%;1;39%
sábado, 27/02;ESTADO DE SÃO PAULO;Saturday;Sábado;Ranking dos municípios (27/2/2021);SP;>40-50%;1;42%
domingo, 28/02;ESTADO DE SÃO PAULO;Sunday;Domingo;Ranking dos municípios (28/2/2021);SP;>40-50%;1;48%
segunda-feira, 01/03;ESTADO DE SÃO PAULO;Monday;Segunda-feira;Ranking dos municípios (1/3/2021);SP;Até 40%;1;39%
terça-feira, 02/03;ESTADO DE SÃO PAULO;Tuesday;Terça-feira;Ranking dos municípios (2/3/2021);SP;>40-50%;1;40%
quarta-feira, 03/03;ESTADO DE SÃO PAULO;Wednesday;Quarta-feira;Ranking dos municípios (3/3/2021);SP;>40-50%;1;40%
quinta-feira, 04/03;ESTADO DE SÃO PAULO;Thursday;Quinta-feira;Ranking dos municípios (4/3/2021);SP;>40-50%;1;40%
sexta-feira, 05/03;ESTADO DE SÃO PAULO;Friday;Sexta-feira;Ranking dos municípios (5/3/2021);SP;Até 40%;1;40%
sábado, 06/03;ESTADO DE SÃO PAULO;Saturday;Sábado;Ranking dos municípios (6/3/2021);SP;>40-50%;1;46%
domingo, 07/03;ESTADO DE SÃO PAULO;Sunday;Domingo;Ranking dos municípios (7/3/2021);SP;>50-60%;1;51%
segunda-feira, 08/03;ESTADO DE SÃO PAULO;Monday;Segunda-feira;Ranking dos municípios (8/3/2021);SP;>40-50%;1;42%
terça-feira, 09/03;ESTADO DE SÃO PAULO;Tuesday;Terça-feira;Ranking dos municípios (9/3/2021);SP;>40-50%;1;43%
quarta-feira, 10/03;ESTADO DE SÃO PAULO;Wednesday;Quarta-feira;Ranking dos municípios (10/3/2021);SP;>40-50%;1;42%
quinta-feira, 11/03;ESTADO DE SÃO PAULO;Thursday;Quinta-feira;Ranking dos municípios (11/3/2021);SP;>40-50%;1;42%
sexta-feira, 12/03;ESTADO DE SÃO PAULO;Friday;Sexta-feira;Ranking dos municípios (12/3/2021);SP;>40-50%;1;42%
sábado, 13/03;ESTADO DE SÃO PAULO;Saturday;Sábado;Ranking dos municípios (13/3/2021);SP;>40-50%;1;46%
domingo, 14/03;ESTADO DE SÃO PAULO;Sunday;Domingo;Ranking dos municípios (14/3/2021);SP;>40-50%;1;50%
segunda-feira, 15/03;ESTADO DE SÃO PAULO;Monday;Segunda-feira;Ranking dos municípios (15/3/2021);SP;>40-50%;1;43%
terça-feira, 16/03;ESTADO DE SÃO PAULO;Tuesday;Terça-feira;Ranking dos municípios (16/3/2021);SP;>40-50%;1;44%
quarta-feira, 17/03;ESTADO DE SÃO PAULO;Wednesday;Quarta-feira;Ranking dos municípios (17/3/2021);SP;>40-50%;1;43%
quinta-feira, 18/03;ESTADO DE SÃO PAULO;Thursday;Quinta-feira;Ranking dos municípios (18/3/2021);SP;>40-50%;1;44%
sexta-feira, 19/03;ESTADO DE SÃO PAULO;Friday;Sexta-feira;Ranking dos municípios (19/3/2021);SP;>40-50%;1;43%
sábado, 20/03;ESTADO DE SÃO PAULO;Saturday;Sábado;Ranking dos municípios (20/3/2021);SP;>40-50%;1;47%
domingo, 21/03;ESTADO DE SÃO PAULO;Sunday;Domingo;Ranking dos municípios (21/3/2021);SP;>50-60%;1;51%
segunda-feira, 22/03;ESTADO DE SÃO PAULO;Monday;Segunda-feira;Ranking dos municípios (22/3/2021);SP;>40-50%;1;43%
terça-feira, 23/03;ESTADO DE SÃO PAULO;Tuesday;Terça-feira;Ranking dos municípios (23/3/2021);SP;>40-50%;1;45%
quarta-feira, 24/03;ESTADO DE SÃO PAULO;Wednesday;Quarta-feira;Ranking dos municípios (24/3/2021);SP;>40-50%;1;43%
quinta-feira, 25/03;ESTADO DE SÃO PAULO;Thursday;Quinta-feira;Ranking dos municípios (25/3/2021);SP;>40-50%;1;43%
sexta-feira, 26/03;ESTADO DE SÃO PAULO;Friday;Sexta-feira;Ranking dos municípios (26/3/2021);SP;>40-50%;1;43%
sábado, 27/03;ESTADO DE SÃO PAULO;Saturday;Sábado;Ranking dos municípios (27/3/2021);SP;>40-50%;1;46%
domingo, 28/03;ESTADO DE SÃO PAULO;Sunday;Domingo;Ranking dos municípios (28/3/2021);SP;>50-60%;1;51%
segunda-feira, 29/03;ESTADO DE SÃO PAULO;Monday;Segunda-feira;Ranking dos municípios (29/3/2021);SP;>40-50%;1;44%
terça-feira, 30/03;ESTADO DE SÃO PAULO;Tuesday;Terça-feira;Ranking dos municípios (30/3/2021);SP;>40-50%;1;44%
quarta-feira, 31/03;ESTADO DE SÃO PAULO;Wednesday;Quarta-feira;Ranking dos municípios (31/3/2021);SP;>40-50%;1;43%
quinta-feira, 01/04;ESTADO DE SÃO PAULO;Thursday;Quinta-feira;Ranking dos municípios (1/4/2021);SP;>40-50%;1;43%
sexta-feira, 02/04;ESTADO DE SÃO PAULO;Friday;Sexta-feira;Ranking dos municípios (2/4/2021);SP;>40-50%;1;47%
sábado, 03/04;ESTADO DE SÃO PAULO;Saturday;Sábado;Ranking dos municípios (3/4/2021);SP;>40-50%;1;47%
domingo, 04/04;ESTADO DE SÃO PAULO;Sunday;Domingo;Ranking dos municípios (4/4/2021);SP;>50-60%;1;51%
segunda-feira, 05/04;ESTADO DE SÃO PAULO;Monday;Segunda-feira;Ranking dos municípios (5/4/2021);SP;>40-50%;1;43%
terça-feira, 06/04;ESTADO DE SÃO PAULO;Tuesday;Terça-feira;Ranking dos municípios (6/4/2021);SP;>40-50%;1;42%
quarta-feira, 07/04;ESTADO DE SÃO PAULO;Wednesday;Quarta-feira;Ranking dos municípios (7/4/2021);SP;>40-50%;1;44%
quinta-feira, 08/04;ESTADO DE SÃO PAULO;Thursday;Quinta-feira;Ranking dos municípios (8/4/2021);SP;>40-50%;1;42%
sexta-feira, 09/04;ESTADO DE SÃO PAULO;Friday;Sexta-feira;Ranking dos municípios (9/4/2021);SP;>40-50%;1;41%
sábado, 10/04;ESTADO DE SÃO PAULO;Saturday;Sábado;Ranking dos municípios (10/4/2021);SP;>40-50%;1;44%
domingo, 11/04;ESTADO DE SÃO PAULO;Sunday;Domingo;Ranking dos municípios (11/4/2021);SP;>40-50%;1;50%
segunda-feira, 12/04;ESTADO DE SÃO PAULO;Monday;Segunda-feira;Ranking dos municípios (12/4/2021);SP;>40-50%;1;41%
terça-feira, 13/04;ESTADO DE SÃO PAULO;Tuesday;Terça-feira;Ranking dos municípios (13/4/2021);SP;>40-50%;1;43%
quarta-feira, 14/04;ESTADO DE SÃO PAULO;Wednesday;Quarta-feira;Ranking dos municípios (14/4/2021);SP;>40-50%;1;42%
quinta-feira, 15/04;ESTADO DE SÃO PAULO;Thursday;Quinta-feira;Ranking dos municípios (15/4/2021);SP;>40-50%;1;43%
sexta-feira, 16/04;ESTADO DE SÃO PAULO;Friday;Sexta-feira;Ranking dos municípios (16/4/2021);SP;>40-50%;1;43%
sábado, 17/04;ESTADO DE SÃO PAULO;Saturday;Sábado;Ranking dos municípios (17/4/2021);SP;>40-50%;1;44%
domingo, 18/04;ESTADO DE SÃO PAULO;Sunday;Domingo;Ranking dos municípios (18/4/2021);SP;>40-50%;1;50%
segunda-feira, 19/04;ESTADO DE SÃO PAULO;Monday;Segunda-feira;Ranking dos municípios (19/4/2021);SP;>40-50%;1;41%
terça-feira, 20/04;ESTADO DE SÃO PAULO;Tuesday;Terça-feira;Ranking dos municípios (20/4/2021);SP;>40-50%;1;43%
quarta-feira, 21/04;ESTADO DE SÃO PAULO;Wednesday;Quarta-feira;Ranking dos municípios (21/4/2021);SP;>40-50%;1;48%
quinta-feira, 22/04;ESTADO DE SÃO PAULO;Thursday;Quinta-feira;Ranking dos municípios (22/4/2021);SP;>40-50%;1;41%
sexta-feira, 23/04;ESTADO DE SÃO PAULO;Friday;Sexta-feira;Ranking dos municípios (23/4/2021);SP;>40-50%;1;43%
sábado, 24/04;ESTADO DE SÃO PAULO;Saturday;Sábado;Ranking dos municípios (24/4/2021);SP;>40-50%;1;44%
domingo, 25/04;ESTADO DE SÃO PAULO;Sunday;Domingo;Ranking dos municípios (25/4/2021);SP;>40-50%;1;49%
segunda-feira, 26/04;ESTADO DE SÃO PAULO;Monday;Segunda-feira;Ranking dos municípios (26/4/2021);SP;>40-50%;1;42%
terça-feira, 27/04;ESTADO DE SÃO PAULO;Tuesday;Terça-feira;Ranking dos municípios (27/4/2021);SP;>40-50%;1;41%
quarta-feira, 28/04;ESTADO DE SÃO PAULO;Wednesday;Quarta-feira;Ranking dos municípios (28/4/2021);SP;>40-50%;1;41%
quinta-feira, 29/04;ESTADO DE SÃO PAULO;Thursday;Quinta-feira;Ranking dos municípios (29/4/2021);SP;>40-50%;1;41%
sexta-feira, 30/04;ESTADO DE SÃO PAULO;Friday;Sexta-feira;Ranking dos municípios (30/4/2021);SP;>40-50%;1;42%
sábado, 01/05;ESTADO DE SÃO PAULO;Saturday;Sábado;Ranking dos municípios (1/5/2021);SP;>40-50%;1;44%
domingo, 02/05;ESTADO DE SÃO PAULO;Sunday;Domingo;Ranking dos municípios (2/5/2021);SP;>40-50%;1;48%
segunda-feira, 03/05;ESTADO DE SÃO PAULO;Monday;Segunda-feira;Ranking dos municípios (3/5/2021);SP;>40-50%;1;40%
terça-feira, 04/05;ESTADO DE SÃO PAULO;Tuesday;Terça-feira;Ranking dos municípios (4/5/2021);SP;>40-50%;1;41%
quarta-feira, 05/05;ESTADO DE SÃO PAULO;Wednesday;Quarta-feira;Ranking dos municípios (5/5/2021);SP;>40-50%;1;40%
quinta-feira, 06/05;ESTADO DE SÃO PAULO;Thursday;Quinta-feira;Ranking dos municípios (6/5/2021);SP;Até 40%;1;40%
sexta-feira, 07/05;ESTADO DE SÃO PAULO;Friday;Sexta-feira;Ranking dos municípios (7/5/2021);SP;Até 40%;1;39%
sábado, 08/05;ESTADO DE SÃO PAULO;Saturday;Sábado;Ranking dos municípios (8/5/2021);SP;>40-50%;1;42%
domingo, 09/05;ESTADO DE SÃO PAULO;Sunday;Domingo;Ranking dos municípios (9/5/2021);SP;>40-50%;1;46%
segunda-feira, 10/05;ESTADO DE SÃO PAULO;Monday;Segunda-feira;Ranking dos municípios (10/5/2021);SP;>40-50%;1;40%
terça-feira, 11/05;ESTADO DE SÃO PAULO;Tuesday;Terça-feira;Ranking dos municípios (11/5/2021);SP;>40-50%;1;40%
quarta-feira, 12/05;ESTADO DE SÃO PAULO;Wednesday;Quarta-feira;Ranking dos municípios (12/5/2021);SP;>40-50%;1;40%
quinta-feira, 13/05;ESTADO DE SÃO PAULO;Thursday;Quinta-feira;Ranking dos municípios (13/5/2021);SP;>40-50%;1;40%
sexta-feira, 14/05;ESTADO DE SÃO PAULO;Friday;Sexta-feira;Ranking dos municípios (14/5/2021);SP;Até 40%;1;40%
sábado, 15/05;ESTADO DE SÃO PAULO;Saturday;Sábado;Ranking dos municípios (15/5/2021);SP;>40-50%;1;43%
domingo, 16/05;ESTADO DE SÃO PAULO;Sunday;Domingo;Ranking dos municípios (16/5/2021);SP;>40-50%;1;48%
segunda-feira, 17/05;ESTADO DE SÃO PAULO;Monday;Segunda-feira;Ranking dos municípios (17/5/2021);SP;>40-50%;1;40%
terça-feira, 18/05;ESTADO DE SÃO PAULO;Tuesday;Terça-feira;Ranking dos municípios (18/5/2021);SP;>40-50%;1;41%
quarta-feira, 19/05;ESTADO DE SÃO PAULO;Wednesday;Quarta-feira;Ranking dos municípios (19/5/2021);SP;>40-50%;1;40%
quinta-feira, 20/05;ESTADO DE SÃO PAULO;Thursday;Quinta-feira;Ranking dos municípios (20/5/2021);SP;>40-50%;1;40%
sexta-feira, 21/05;ESTADO DE SÃO PAULO;Friday;Sexta-feira;Ranking dos municípios (21/5/2021);SP;Até 40%;1;40%
sábado, 22/05;ESTADO DE SÃO PAULO;Saturday;Sábado;Ranking dos municípios (22/5/2021);SP;>40-50%;1;43%
domingo, 23/05;ESTADO DE SÃO PAULO;Sunday;Domingo;Ranking dos municípios (23/5/2021);SP;>40-50%;1;48%
segunda-feira, 24/05;ESTADO DE SÃO PAULO;Monday;Segunda-feira;Ranking dos municípios (24/5/2021);SP;>40-50%;1;41%
terça-feira, 25/05;ESTADO DE SÃO PAULO;Tuesday;Terça-feira;Ranking dos municípios (25/5/2021);SP;>40-50%;1;41%
quarta-feira, 26/05;ESTADO DE SÃO PAULO;Wednesday;Quarta-feira;Ranking dos municípios (26/5/2021);SP;>40-50%;1;40%
quinta-feira, 27/05;ESTADO DE SÃO PAULO;Thursday;Quinta-feira;Ranking dos municípios (27/5/2021);SP;>40-50%;1;40%
sexta-feira, 28/05;ESTADO DE SÃO PAULO;Friday;Sexta-feira;Ranking dos municípios (28/5/2021);SP;Até 40%;1;40%
sábado, 29/05;ESTADO DE SÃO PAULO;Saturday;Sábado;Ranking dos municípios (29/5/2021);SP;>40-50%;1;42%
domingo, 30/05;ESTADO DE SÃO PAULO;Sunday;Domingo;Ranking dos municípios (30/5/2021);SP;>40-50%;1;48%
segunda-feira, 31/05;ESTADO DE SÃO PAULO;Monday;Segunda-feira;Ranking dos municípios (31/5/2021);SP;>40-50%;1;41%
terça-feira, 01/06;ESTADO DE SÃO PAULO;Tuesday;Terça-feira;Ranking dos municípios (1/6/2021);SP;>40-50%;1;42%
quarta-feira, 02/06;ESTADO DE SÃO PAULO;Wednesday;Quarta-feira;Ranking dos municípios (2/6/2021);SP;>40-50%;1;41%
quinta-feira, 03/06;ESTADO DE SÃO PAULO;Thursday;Quinta-feira;Ranking dos municípios (3/6/2021);SP;>40-50%;1;47%
sexta-feira, 04/06;ESTADO DE SÃO PAULO;Friday;Sexta-feira;Ranking dos municípios (4/6/2021);SP;Até 40%;1;40%
sábado, 05/06;ESTADO DE SÃO PAULO;Saturday;Sábado;Ranking dos municípios (5/6/2021);SP;>40-50%;1;42%
domingo, 06/06;ESTADO DE SÃO PAULO;Sunday;Domingo;Ranking dos municípios (6/6/2021);SP;>40-50%;1;47%
segunda-feira, 07/06;ESTADO DE SÃO PAULO;Monday;Segunda-feira;Ranking dos municípios (7/6/2021);SP;Até 40%;1;40%
domingo, 13/06;ESTADO DE SÃO PAULO;Sunday;Domingo;Ranking dos municípios (13/6/2021);SP;>40-50%;1;47%
segunda-feira, 14/06;ESTADO DE SÃO PAULO;Monday;Segunda-feira;Ranking dos municípios (14/6/2021);SP;Até 40%;1;40%
